,NP1_SST (t-1),NP1_SST (t-2),NP1_SST (t-3),NP1_SST (t-4),NP1_SST (t-5),NP2_SST (t-1),NP2_SST (t-2),NP2_SST (t-3),NP2_SST (t-4),NP2_SST (t-5),N34 (t-1),N34 (t-2),N34 (t-3),N34 (t-4),N34 (t-5),EEIO (t-1),EEIO (t-2),EEIO (t-3),EEIO (t-4),EEIO (t-5),Rainfall (t)
1901,-0.009228019043803215,-0.10752193629741669,-0.36032357811927795,0.2912255525588989,1.322293758392334,-0.1297559291124344,0.4702128767967224,1.0521438121795654,0.4587792754173279,-0.378775030374527,0.035327162593603134,0.40970396995544434,0.35781386494636536,0.7949628829956055,0.8430492877960205,0.08557448536157608,0.25959792733192444,0.27615562081336975,0.22977030277252197,0.25390446186065674,174.3880983619481
1902,0.41636720299720764,0.11796312779188156,0.4235574007034302,0.05841018632054329,0.0735093355178833,-0.706180214881897,-0.028316514566540718,-0.04884636402130127,-0.3896123170852661,-0.9602223634719849,1.0017693042755127,1.109345555305481,0.508034884929657,0.27528196573257446,0.350315123796463,0.06677897274494171,-0.0387195385992527,-0.19667503237724304,-0.1490446925163269,-0.16371139883995056,125.70959913057676
1903,-0.02602352760732174,0.35383957624435425,0.41918379068374634,0.32409361004829407,0.46695858240127563,0.5245548486709595,0.4930111765861511,0.3448162078857422,0.5863140225410461,0.9793050289154053,0.24355840682983398,0.5355715155601501,1.1252431869506836,1.6750963926315308,1.8890013694763184,-0.06739570200443268,-0.0020802270155400038,0.157379612326622,0.3141525685787201,0.29413098096847534,138.35451520082887
1904,-0.021484915167093277,-0.18941952288150787,0.03732861578464508,0.21186713874340057,0.19209524989128113,0.18139585852622986,0.19009599089622498,-0.4925038814544678,-0.49158671498298645,-0.9394145607948303,-0.012732785195112228,-0.37577158212661743,-1.2365825176239014,-1.3099884986877441,-1.2489593029022217,-0.30571919679641724,-0.5183048844337463,-0.6328426599502563,-0.6512681841850281,-0.450832724571228,179.03017641858446
1905,-0.2120465487241745,-0.4653278589248657,-0.08325601369142532,0.05296541005373001,0.3206377923488617,-0.17671827971935272,-0.6873815059661865,-0.3016098439693451,-0.6287633776664734,0.17129065096378326,1.4740490913391113,1.3887698650360107,1.2569494247436523,1.2706079483032227,1.2076406478881836,-0.06221792846918106,0.01880805753171444,0.1370992809534073,-0.008127211593091488,-0.10012908279895782,111.663075978805
1906,0.011959820054471493,0.10757800191640854,0.14576949179172516,0.15871018171310425,0.15027807652950287,-0.3871893882751465,0.6829013824462891,0.4131481647491455,-0.24132633209228516,-0.29589545726776123,0.029940245673060417,0.2684054672718048,0.623855710029602,0.7667942643165588,1.2404749393463135,0.14859624207019806,0.16138900816440582,0.30975183844566345,0.6506742238998413,0.26980680227279663,190.73408825997106
1907,-0.48208391666412354,-0.17704890668392181,0.04022703692317009,0.20453134179115295,0.3260769844055176,0.5516689419746399,1.3865082263946533,1.4379312992095947,0.9104124307632446,0.677492082118988,0.02223016321659088,-0.28733134269714355,-0.5625253319740295,-0.6851856708526611,-0.6351749300956726,-0.03931724280118942,0.02768157795071602,-0.09610950201749802,0.11431838572025299,0.18601803481578827,166.73849168585892
1908,-0.04387626424431801,0.24275486171245575,0.2063675969839096,0.3423076272010803,0.4325702488422394,-0.42252838611602783,-0.0669485405087471,0.49908119440078735,-0.861768901348114,-1.0313416719436646,-0.4343860447406769,-0.5462051630020142,0.0031984644010663033,0.27876901626586914,0.3400091230869293,-0.04528467729687691,0.07674749940633774,0.010965055786073208,0.0760703906416893,0.00599462678655982,138.28632404034033
1909,0.016238953918218613,0.14765062928199768,0.08302367478609085,0.41944175958633423,1.074035882949829,-0.3791848123073578,-0.06566552817821503,-0.8851302862167358,-0.08806908130645752,-0.21601489186286926,-0.39775365591049194,-0.48744726181030273,-0.45868122577667236,-0.9842514991760254,-1.2654874324798584,0.12800443172454834,0.27126190066337585,0.1262156218290329,-0.16866832971572876,-0.05276642367243767,222.70482969102815
1910,0.1438797116279602,-0.009372815489768982,-0.13896268606185913,0.20736725628376007,0.4628903567790985,1.4382911920547485,0.849715530872345,-0.07272516936063766,0.14614327251911163,0.7554927468299866,-0.6320012211799622,-0.8443979620933533,-1.6397942304611206,-1.3879629373550415,-1.2832106351852417,0.11813893914222717,0.033745575696229935,0.08028256893157959,-0.045931268483400345,0.2208402156829834,222.79963286014336
1911,-0.1288103610277176,0.24470335245132446,0.8266792893409729,0.5988609194755554,0.31439223885536194,0.11958154290914536,0.9284452199935913,0.5333602428436279,0.45093438029289246,0.4313640296459198,-0.22771112620830536,-0.4304195046424866,-0.682717502117157,-0.7883315086364746,-0.8699952363967896,0.09461367875337601,0.042871881276369095,0.5295515656471252,0.13300052285194397,0.04563051462173462,206.3587271734173
1912,0.4466778635978699,0.6583511233329773,1.0627261400222778,0.7081923484802246,0.37911105155944824,0.5895065069198608,0.9432466626167297,1.2088353633880615,1.1048271656036377,0.8937820792198181,0.7867639064788818,0.9990283846855164,1.3688169717788696,1.4396780729293823,1.6153690814971924,0.3146413266658783,0.34362339973449707,0.10200106352567673,0.25013694167137146,0.11047674715518951,115.72563615989729
1913,0.09380350261926651,0.5683310627937317,0.4534158408641815,0.6346235275268555,0.36569806933403015,-0.2944319248199463,0.23904728889465332,0.14838923513889313,-0.13882826268672943,0.06684347987174988,0.40233418345451355,0.15602119266986847,-0.14776764810085297,-0.13812805712223053,-0.19172053039073944,-0.08916449546813965,-0.16783253848552704,-0.0983458161354065,0.17501619458198547,0.010468021035194397,236.32438946105896
1914,0.31734466552734375,0.33131179213523865,0.6025304198265076,0.21963298320770264,0.06462514400482178,0.1276380717754364,0.10514957457780838,0.028380047529935837,0.4342593252658844,0.17259949445724487,0.9677126407623291,0.5779196619987488,0.8998600244522095,1.0260366201400757,1.490330457687378,0.1342262625694275,0.20330776274204254,0.35182422399520874,0.44826510548591614,0.2817688286304474,186.37180230757534
1915,-0.36999067664146423,-0.10924023389816284,0.12931354343891144,0.3854273855686188,0.8490663170814514,-0.5002266764640808,0.0365290567278862,1.1739716529846191,1.4648698568344116,1.355893850326538,1.2901252508163452,1.1962699890136719,0.7813235521316528,1.438585877418518,1.6655060052871704,0.5545247793197632,0.5547096729278564,0.32718610763549805,0.4470670223236084,0.21366100013256073,161.98983045121037
1916,0.7435268759727478,0.29555630683898926,0.02911350503563881,0.7321794629096985,0.6219440698623657,-0.4329868257045746,0.0014316062442958355,1.169556736946106,1.1017827987670898,1.0349947214126587,-0.2716505825519562,-0.9822508692741394,-0.08200544863939285,-0.48100608587265015,-0.25499171018600464,0.08404288440942764,0.044587261974811554,-0.009992523118853569,-0.052600886672735214,0.03803287446498871,258.74386364020296
1917,-0.29186931252479553,-0.14493775367736816,-0.34703460335731506,-0.392455518245697,-0.3362646698951721,0.07280922681093216,0.37356090545654297,1.1010944843292236,1.0295875072479248,0.8986020684242249,-0.5770407319068909,-0.6389541029930115,-1.283694863319397,-1.602597951889038,-2.2101075649261475,-0.056256674230098724,-0.41121309995651245,-0.8516212701797485,-0.23804086446762085,-0.07205022126436234,257.08975218059675
1918,-0.38312360644340515,-0.2956984341144562,-0.5960553288459778,-0.8239265084266663,-1.0587753057479858,0.6579734683036804,1.0007400512695312,0.49640119075775146,0.3135836720466614,0.8034085035324097,0.35598888993263245,-0.4368687868118286,-0.6573488712310791,-0.27262696623802185,-0.5580741763114929,0.3320106863975525,-0.07971902191638947,-0.5751441121101379,-0.486805260181427,-0.22618526220321655,231.9380592266413
1919,0.3286965787410736,0.6829186677932739,0.9486154317855835,0.6423271894454956,0.6240649223327637,0.6314655542373657,0.2550702393054962,-0.026580553501844406,0.049816470593214035,-0.00788368470966816,-0.07768068462610245,-0.45319321751594543,1.2710920572280884,1.2560126781463623,1.7784456014633179,0.38250401616096497,0.3116091787815094,0.2773379385471344,0.5687902569770813,0.49450621008872986,202.60365225323642
1920,-0.04423416405916214,0.29959729313850403,0.3628924787044525,0.22628524899482727,0.19232924282550812,-0.06918645650148392,0.2882211208343506,0.2814296782016754,0.2753397822380066,0.5323688983917236,0.02762102521955967,0.26670917868614197,0.6870532631874084,1.046202301979065,0.9139078259468079,-0.039859283715486526,-0.045549988746643066,0.09838850051164627,0.16900968551635742,0.13096699118614197,194.69169824707612
1921,0.26771700382232666,0.4784344434738159,0.25810086727142334,0.43460771441459656,0.6035429835319519,0.17138317227363586,0.4995962083339691,0.6058080196380615,0.7225642800331116,0.825614869594574,-0.41886085271835327,-1.4823447465896606,-1.9776921272277832,-1.1937470436096191,-0.2400297373533249,-0.1668040156364441,-0.0879988819360733,-0.3815475106239319,-0.19047874212265015,0.17419835925102234,198.64291144158705
1922,0.2168044149875641,0.2427731454372406,0.38537293672561646,0.7767040729522705,0.25949612259864807,0.3052445948123932,0.4891316592693329,0.48293542861938477,-0.04657945781946182,-0.03503289446234703,-0.09484194964170456,-0.5940538048744202,0.06079121306538582,-0.47853970527648926,0.5956184267997742,-0.14162620902061462,-0.16539210081100464,-0.11572178453207016,0.07109302282333374,0.23424293100833893,224.40952986953022
1923,0.3183740973472595,-0.19216886162757874,-0.12713855504989624,0.09079380333423615,0.015148894861340523,-0.6538617014884949,0.062107764184474945,0.29700547456741333,0.05151364579796791,-0.013757778331637383,0.253854900598526,-0.0043591042049229145,0.043199483305215836,-0.8466314077377319,-0.7303658127784729,-0.006923628970980644,0.16738413274288177,0.005920082796365023,-0.09974253177642822,-0.35065239667892456,107.20421872976367
1924,0.616324245929718,0.5818009376525879,0.22119282186031342,0.6052995324134827,0.4912055730819702,0.4280896484851837,0.6888363361358643,0.27517008781433105,1.0207346677780151,0.7218417525291443,-0.050000905990600586,0.15436124801635742,0.5668067336082458,0.6416255831718445,0.9225037693977356,0.025998231023550034,0.12221524119377136,0.2857603132724762,0.38449862599372864,0.28079912066459656,160.79240268259858
1925,-0.03667110204696655,-0.4903896450996399,-0.30053165555000305,-0.049834974110126495,0.23477715253829956,0.2590353786945343,0.29742708802223206,0.2935132682323456,0.42932334542274475,0.4542616605758667,-0.21770812571048737,-0.2557027041912079,-0.3228735625743866,-1.2939261198043823,-1.3444335460662842,-0.14321859180927277,-0.4000190496444702,-0.4215003252029419,-0.5568468570709229,-0.35118553042411804,226.87486274487722
1926,-0.6129390001296997,-0.749825656414032,-0.2936387062072754,-0.1951379030942917,-0.4169750213623047,-1.112111210823059,-0.4234771430492401,-0.20602107048034668,-0.10440421849489212,0.14710630476474762,0.7771527171134949,1.1366809606552124,1.4031124114990234,1.2743054628372192,1.651025652885437,0.17171266674995422,0.08718913048505783,0.29158681631088257,0.16352887451648712,0.12697535753250122,101.66617301747293
1927,-0.5139797329902649,-0.5813958644866943,-0.3843127191066742,-0.270339697599411,-0.1825774610042572,-0.015827128663659096,-0.07290435582399368,-0.38806647062301636,-0.41420531272888184,-0.11376287043094635,-0.4167481064796448,-0.5380875468254089,-0.26227226853370667,-0.267671138048172,-0.42540881037712097,-0.191398486495018,-0.03635186702013016,-0.08281482756137848,0.32992643117904663,-0.0838099792599678,192.55003406742534
1928,-0.16017527878284454,-0.315682977437973,-0.20792341232299805,0.12724047899246216,0.19454194605350494,0.049645356833934784,-0.4465288519859314,-0.6406105160713196,-0.2682555019855499,-0.13390208780765533,0.026007069274783134,-0.07155731320381165,-0.015245378948748112,0.21762654185295105,0.4065695106983185,0.020376496016979218,-0.1488032191991806,0.04937222599983215,0.32770243287086487,0.10034530609846115,186.45038825602938
1929,-0.37933290004730225,-0.4016302227973938,-0.3570011854171753,-0.2309342622756958,-0.39884665608406067,-0.46595802903175354,-0.23877574503421783,-0.3732396364212036,-0.36405956745147705,-0.2012740671634674,-0.1768869161605835,-0.26120612025260925,-0.21028947830200195,-0.4234824478626251,-0.3465125858783722,-0.16410653293132782,-0.12890154123306274,-0.309747576713562,-0.1667785942554474,0.03994813188910484,202.0343602362759
1930,0.5743809342384338,0.6929129958152771,0.5007316470146179,0.3163816034793854,0.43723103404045105,-0.22356297075748444,0.2013857513666153,0.1693332940340042,-0.19418658316135406,-0.06497429311275482,0.4431678354740143,0.3851318955421448,0.45505431294441223,0.6027554869651794,0.5587196350097656,-0.009300187230110168,0.16460777819156647,0.16029220819473267,0.19081418216228485,0.2611880302429199,212.6608292180259
1931,-0.12596094608306885,0.2040613740682602,0.618463397026062,0.6573208570480347,0.5322535037994385,-0.5179083347320557,-0.2982255518436432,0.02262372151017189,-0.17100803554058075,-0.03405832499265671,0.7218649983406067,0.8051193356513977,0.9123337864875793,1.392685055732727,1.4962106943130493,0.08037667721509933,0.22846756875514984,0.45724624395370483,0.5180217027664185,0.33745822310447693,145.41819594682102
1932,-0.09823880344629288,-0.692540168762207,-0.7088994979858398,-0.2507222592830658,-0.10487684607505798,-0.17010557651519775,-0.19369547069072723,0.20472592115402222,0.6573079228401184,0.338947594165802,0.3899078071117401,0.30274122953414917,0.07878164947032928,-0.36460602283477783,-0.6389272809028625,-0.20593859255313873,-0.16138288378715515,0.08370497077703476,-0.040954384952783585,0.012819593772292137,150.9483920738334
1933,0.157095268368721,0.04581637308001518,-0.37529268860816956,-0.10705793648958206,-0.29116469621658325,-0.3088332414627075,0.0846361294388771,0.6931734681129456,0.384560227394104,0.547645092010498,-0.5878207683563232,-0.4922420084476471,-0.5350729823112488,-0.5853584408760071,-0.4803367555141449,-0.24159453809261322,-0.4136766195297241,-0.3211500942707062,-0.08633609861135483,0.07657322287559509,220.931859518326
1934,-0.8062142729759216,-0.8927637934684753,-1.1847045421600342,-1.036858320236206,-0.9584304094314575,-0.36406370997428894,-0.37929797172546387,-0.18339982628822327,-0.09522787481546402,-0.17725400626659393,-0.2779849171638489,-0.7022422552108765,-0.846899151802063,-0.821381151676178,-1.1213487386703491,-0.5990623235702515,-0.6859843134880066,-0.7062091827392578,-0.600011944770813,-0.39963117241859436,248.56785048623507
1935,-0.28842654824256897,-0.12340319901704788,-0.09109003096818924,-0.19930705428123474,-0.07900319248437881,-0.778901219367981,-0.13116757571697235,0.1461467742919922,0.01601100154221058,-0.30444949865341187,-0.36513495445251465,-0.5284461975097656,-0.2454020231962204,-0.2718971371650696,-0.31748467683792114,-0.34997546672821045,-0.12139933556318283,-0.4566698372364044,-0.03835027292370796,-0.0443667471408844,164.9609604198458
1936,-0.42063429951667786,-0.8899219036102295,-1.0618308782577515,-0.7826029062271118,-1.0140972137451172,-0.7239664793014526,-0.6716978549957275,-0.3580132722854614,-0.4879184663295746,-0.7196330428123474,-0.0032963224221020937,0.015652313828468323,-0.1912292093038559,-0.12646262347698212,-0.21052150428295135,-0.3255596160888672,-0.12153034657239914,0.024298932403326035,0.16671809554100037,-0.14836332201957703,278.10497271790484
1937,0.3400796055793762,0.03714646399021149,0.22393980622291565,0.2581099569797516,0.09292948246002197,0.0702296644449234,0.27769163250923157,0.21497955918312073,0.5543584823608398,-0.2688804566860199,-0.1855396032333374,-0.27961722016334534,-0.06088307872414589,-0.1658603698015213,-0.6346330046653748,-0.25656449794769287,0.02718266099691391,0.05539068579673767,0.3690696656703949,0.06928449124097824,176.19387462061275
1938,0.24553605914115906,-0.20471560955047607,0.01962878927588463,-0.33650514483451843,-0.3711525499820709,0.24422195553779602,0.42487582564353943,0.4995173513889313,0.34934207797050476,-0.4891575574874878,-0.7913532853126526,-0.9390482306480408,-0.7118191719055176,-0.8868009448051453,-0.6909430623054504,-0.18445540964603424,-0.07913833856582642,0.09023433923721313,0.21359314024448395,0.10239535570144653,304.76202917973524
1939,-0.4895145297050476,-0.6404845118522644,-0.5403463840484619,-0.6602981686592102,-0.8030271530151367,0.22508026659488678,-0.38192495703697205,0.001053433632478118,-0.47890010476112366,-0.8347494602203369,0.2498074471950531,-0.08529239892959595,-0.295108824968338,-1.244386076927185,-1.352064847946167,-0.20589441061019897,-0.18202649056911469,-0.3260716497898102,-0.24016223847866058,-0.16889169812202454,192.5623996981795
1940,-0.5859956741333008,-1.2975507974624634,-0.7942497134208679,-1.017510175704956,-0.8075374364852905,-0.2839483618736267,-1.0620512962341309,-0.6698970198631287,-0.5546144247055054,-0.2456827610731125,0.789439857006073,0.6593195199966431,1.3354700803756714,1.0888179540634155,1.1091279983520508,0.5389419794082642,0.8258076310157776,0.4205326735973358,-0.26643645763397217,-0.18539714813232422,188.8096222175923
1941,0.6253886222839355,0.13708625733852386,0.1944778859615326,0.07043895870447159,0.1276244819164276,-0.7144067287445068,-0.5297390222549438,-0.5097368359565735,-0.72528076171875,-0.6245534420013428,1.3106199502944946,1.2654380798339844,1.7512445449829102,2.337282657623291,2.21348237991333,-0.11255215108394623,0.2825736701488495,0.30429551005363464,0.5591960549354553,0.5281193256378174,186.20262516259453
1942,0.543239414691925,0.4131459593772888,0.6303406357765198,0.08202153444290161,-0.3828502595424652,0.3480960726737976,0.6690016984939575,0.8803505897521973,0.7080739736557007,-0.17149759829044342,0.20817191898822784,0.5872617363929749,0.5853092670440674,0.5387715697288513,0.8558435440063477,0.4663875102996826,0.5189803838729858,0.6114072203636169,0.5971669554710388,0.5514553189277649,222.75255787239075
1943,0.047529436647892,-1.5093046426773071,-0.5484166741371155,-0.5774002075195312,-0.43843919038772583,0.6178277134895325,0.6342079043388367,1.2535011768341064,1.7795507907867432,2.2297565937042236,-0.2605396807193756,-0.7025349736213684,-1.1421664953231812,-1.7810487747192383,-1.8556894063949585,-0.22382523119449615,-0.4211830794811249,-0.15219242870807648,-0.09757161140441895,-0.03157670050859451,180.10870042626513
1944,0.17494426667690277,-0.07449176907539368,-0.25712841749191284,0.23417076468467712,-0.20237061381340027,1.1309854984283447,0.3307628035545349,0.466547429561615,-0.5266713500022888,-1.0754072666168213,0.35794565081596375,0.6851877570152283,0.6047032475471497,0.10044090449810028,-0.28383198380470276,-0.2940070927143097,0.07763155549764633,0.23935562372207642,0.22861835360527039,0.29768410325050354,158.28328331146636
1945,-0.09436587989330292,0.17454473674297333,0.6015224456787109,0.7396131157875061,0.7103062272071838,-0.25822678208351135,0.10000841319561005,0.16539324820041656,-0.058532800525426865,-0.3485454022884369,-0.005402205046266317,-0.6543995141983032,-0.704570472240448,-0.581892728805542,-0.5188141465187073,0.15006941556930542,0.31650641560554504,0.2261536568403244,0.6200450658798218,0.7983357906341553,162.4296324659748
1946,0.7332978248596191,0.6504791975021362,0.6711522936820984,0.38897988200187683,0.30188849568367004,-0.6863206624984741,-1.3491055965423584,-1.1288766860961914,-1.0055290460586548,0.45551374554634094,0.1215226873755455,-0.18311123549938202,-0.5605679750442505,-0.9482280611991882,0.059806037694215775,-0.12777158617973328,0.14818191528320312,-0.015789180994033813,0.04088004305958748,-0.128467857837677,220.32686709199334
1947,-0.6809145212173462,-0.699171781539917,-0.45286455750465393,-0.24429284036159515,-0.09748581051826477,0.5942564010620117,-0.030324727296829224,-0.7639609575271606,-0.5685343742370605,-0.35403087735176086,0.5366688966751099,0.15569058060646057,0.21820056438446045,0.18968845903873444,0.10973887890577316,-0.28323471546173096,-0.3996410369873047,-0.35877227783203125,-0.211530402302742,-0.014985003508627415,124.68571814695731
1948,-0.09202626347541809,0.07181572169065475,-0.2748546898365021,-0.37109118700027466,-0.5024108290672302,0.7996045351028442,-0.2628462612628937,-0.431079626083374,-0.1764887571334839,-0.3778831362724304,0.5966459512710571,0.44593703746795654,-0.47351574897766113,0.6661967635154724,0.5530833005905151,-0.30174821615219116,-0.2709665596485138,-0.1964450627565384,-0.16030815243721008,-0.19376587867736816,187.75960222761546
1949,0.030175184831023216,-0.03299138695001602,-0.07724712044000626,0.4615907073020935,0.365252822637558,0.19741347432136536,0.21558667719364166,0.2912043333053589,1.0686466693878174,0.5303720831871033,-0.5697543621063232,-0.005640800576657057,-0.10795456916093826,-0.4105275273323059,-0.26035362482070923,-0.24318334460258484,-0.35894083976745605,-0.21155531704425812,-0.40846002101898193,-0.1645292192697525,170.77134281965664
1950,0.32789474725723267,0.24454139173030853,0.7129135727882385,0.802800714969635,0.5373084545135498,1.2743555307388306,0.6183736324310303,0.5565103888511658,0.8916076421737671,0.49145519733428955,-1.2728191614151,-1.074602723121643,-1.0130281448364258,-1.3357012271881104,-1.659575343132019,-0.2577705979347229,-0.18955007195472717,0.009101937524974346,0.09704592078924179,-0.16893349587917328,160.8335088321912
1951,-0.16433249413967133,-0.10787948966026306,0.07492326945066452,0.14381064474582672,0.055615056306123734,0.2614271640777588,0.31408122181892395,0.9745984673500061,0.8615372776985168,0.9087000489234924,0.4554413855075836,0.2244163453578949,0.014345732517540455,-0.6846452951431274,-0.9695208668708801,-0.2335134595632553,-0.4220016896724701,-0.31729811429977417,-0.5599558353424072,-0.3922477066516876,154.82770892341307
1952,0.5689757466316223,0.34539932012557983,0.4079281985759735,0.4235534369945526,0.26489004492759705,1.1653677225112915,0.7355835437774658,0.3304024338722229,0.6948176622390747,0.8163753151893616,0.31490424275398254,0.43521395325660706,0.283612996339798,0.3375113606452942,0.4449510872364044,-0.25067755579948425,-0.34112846851348877,-0.11024855077266693,-0.1611422300338745,-0.21120484173297882,170.52082054631762
1953,-0.4447374641895294,-0.23697607219219208,0.45290976762771606,0.34044820070266724,0.3978855609893799,-0.052771419286727905,0.19976772367954254,0.4983522593975067,0.12188521772623062,0.2779622972011566,0.7933444976806641,0.6530562043190002,0.6628273725509644,0.580981969833374,0.5031660199165344,-0.2323583960533142,0.01210376713424921,-0.21180947124958038,-0.41774725914001465,-0.4050171375274658,180.28931972137914
1954,0.9390003681182861,0.4497418701648712,0.2152654081583023,0.4682089686393738,0.881618082523346,0.5846936702728271,0.6051342487335205,0.7589980363845825,0.47582003474235535,0.5765432119369507,-0.3735658824443817,-0.7350277304649353,-0.002892165444791317,0.6044571995735168,0.7362969517707825,-0.24187949299812317,-0.35250404477119446,-0.22104862332344055,-0.07353779673576355,0.004042746964842081,175.0403572293329
1955,0.09801295399665833,0.5303903222084045,0.6145071387290955,0.17397989332675934,-0.196665957570076,0.8273077607154846,1.3378270864486694,0.8392689228057861,0.8979121446609497,-0.11020495742559433,-0.8381703495979309,-0.7800304293632507,-0.6884164214134216,-0.6130739450454712,-0.6257928609848022,-0.5192744731903076,-0.40919291973114014,-0.31248238682746887,-0.10881873965263367,0.24039326608181,192.27965696073517
1956,0.5296218991279602,0.18441537022590637,-0.42890647053718567,-0.22317300736904144,-0.23897859454154968,1.5028648376464844,1.4050928354263306,1.6218205690383911,1.373354196548462,1.5900639295578003,-0.3675960898399353,-0.5378190279006958,-0.456640362739563,-0.6611449122428894,-0.9072828888893127,-0.38201189041137695,-0.12020879238843918,-0.15484751760959625,-0.5489004850387573,-0.44954442977905273,222.41064480345068
1957,-0.18356481194496155,-0.5430377721786499,-0.5945147275924683,-0.37093040347099304,-0.17176015675067902,-0.2048977166414261,0.07200485467910767,-0.03915904834866524,0.23762083053588867,0.08378949016332626,1.034664273262024,0.828420102596283,0.528945803642273,0.09763038158416748,-0.21715830266475677,0.14492560923099518,0.14792071282863617,-0.046490903943777084,-0.14685490727424622,0.16132168471813202,170.18451593285621
1958,0.059566739946603775,0.21905598044395447,0.13139434158802032,0.16561314463615417,0.1982826590538025,-0.18234702944755554,0.13234944641590118,0.13110560178756714,-0.25455212593078613,-0.22097374498844147,0.7947298884391785,0.8702265024185181,1.3328361511230469,1.792018175125122,2.0547332763671875,0.20066550374031067,0.20510032773017883,-0.053451817482709885,0.25416234135627747,0.4098850190639496,149.4353816959384
1959,0.49518492817878723,0.06902170181274414,0.37381279468536377,0.43674972653388977,-0.30940207839012146,0.2896530330181122,0.527367889881134,0.12947343289852142,0.2126520574092865,0.24105486273765564,0.1805376559495926,0.466942697763443,0.530454695224762,0.728023886680603,0.802760660648346,0.34606078267097473,0.1354166865348816,0.2670213282108307,0.2770039439201355,0.07115963101387024,191.40867959164137
1960,0.16912420094013214,0.1970532387495041,0.7658787369728088,0.2261742800474167,0.35682815313339233,-0.3140659034252167,0.04935573413968086,-0.02720797248184681,-0.11552167683839798,-0.22566165030002594,0.15819457173347473,0.0717221200466156,0.04345344007015228,-0.16502565145492554,-0.009348204359412193,0.31929245591163635,0.3264526128768921,0.05034736543893814,-0.13732096552848816,0.037061747163534164,173.9821497953139
1961,0.4597781002521515,0.03569478169083595,-0.1477321982383728,-0.43666890263557434,-0.4553948938846588,0.6322329640388489,0.21619369089603424,-0.12579597532749176,-0.07037296146154404,0.017098210752010345,0.22170208394527435,-0.0534452423453331,-0.008710413239896297,0.09581246227025986,-0.045827753841876984,-0.27206888794898987,-0.12338848412036896,-0.3253535032272339,-0.2878037095069885,0.026958586648106575,204.48737252870393
1962,0.08548630774021149,-0.5284361839294434,-0.3538064658641815,-0.5628577470779419,-0.1665838658809662,0.5960900783538818,0.7170403599739075,0.3064059317111969,0.16973060369491577,-0.10884913802146912,-0.4805704951286316,-0.294272780418396,-0.14784836769104004,-0.27207767963409424,-0.3199668824672699,-0.1374986320734024,-0.12365952134132385,-0.21905237436294556,-0.5055180788040161,-0.5644177198410034,152.9366796366892
1963,-0.026882601901888847,-1.0743130445480347,-1.2821166515350342,-1.3633943796157837,-1.0928736925125122,0.3890823423862457,0.040321651846170425,0.05516977608203888,0.1604234129190445,0.03471314162015915,0.09509144723415375,0.353950560092926,0.22075890004634857,-0.24415883421897888,-0.5173941850662231,0.3040006458759308,-0.14594800770282745,-0.4645863175392151,-0.4999856948852539,-0.13200697302818298,169.85428151518394
1964,0.45609742403030396,0.4447653293609619,-0.21262697875499725,-0.061874013394117355,0.280338853597641,0.35872682929039,0.12278878688812256,-0.26263660192489624,-0.6016433835029602,-0.48648083209991455,-0.7248730063438416,-0.4905742406845093,0.055415451526641846,0.652193009853363,1.0380096435546875,-0.1271611601114273,0.11513513326644897,0.11640089005231857,0.5608630180358887,0.42794269323349,202.21434886169752
1965,-0.23486819863319397,-0.528675377368927,-0.6506290435791016,-0.28813987970352173,-0.5974349975585938,-0.3063795268535614,-0.828687846660614,-0.5061272978782654,-0.4240720868110657,-0.3547782897949219,0.44315305352211,-0.05986812338232994,-0.021383821964263916,-0.2821948528289795,-0.6424105763435364,-0.44968193769454956,-0.27926212549209595,-0.5462123155593872,-0.23571035265922546,-0.43497344851493835,148.24697475631936
1966,0.03334171697497368,0.4656371474266052,0.7729867100715637,0.45235475897789,0.1102801114320755,0.44707560539245605,-0.1862974911928177,0.4396038055419922,-0.16714340448379517,0.0720679983496666,-0.0038239406421780586,0.7118729948997498,1.235134243965149,1.0641093254089355,1.3597567081451416,-0.19381733238697052,-0.2475995272397995,-0.0729205310344696,0.14817529916763306,-0.032524265348911285,207.12415746470782
1967,0.5568946599960327,0.1174151748418808,-0.5206220149993896,-0.5332128405570984,-0.46274638175964355,0.7679926753044128,0.06368384510278702,0.27417710423469543,-0.09432712942361832,0.04349672049283981,-0.20580002665519714,-0.7061542868614197,-0.4729032516479492,-0.3760124444961548,-0.43221521377563477,-0.15181399881839752,-0.3580407202243805,-0.5141331553459167,-0.47612902522087097,-0.40116453170776367,168.68717093964153
1968,-0.5607824921607971,-0.6602998971939087,-1.0821073055267334,-1.0888409614562988,-0.9149793982505798,0.7000594139099121,0.3774215281009674,0.21915988624095917,-0.06715603172779083,0.11323494464159012,-0.3738703429698944,-0.35600683093070984,-0.6478043794631958,-0.8072555065155029,-0.6239578723907471,-0.41082102060317993,-0.3915727138519287,-0.3468562960624695,-0.4173237383365631,-0.45267730951309204,168.77809999493212
1969,0.08514951914548874,-0.25470951199531555,-0.06470166146755219,0.1731187403202057,-0.13992305099964142,1.0984668731689453,0.836664617061615,0.5654953718185425,0.7902964949607849,0.6764936447143555,0.7225320339202881,0.6727355122566223,0.8363690972328186,1.3560937643051147,1.177560806274414,0.16388805210590363,0.3506844639778137,0.15922516584396362,0.12131963670253754,0.04718147590756416,155.56160573008464
1970,-0.18999335169792175,-0.5109369158744812,-0.5593047738075256,-0.3377078175544739,-0.6267789006233215,-0.03541581705212593,-0.4860493838787079,-0.5616170763969421,-0.2660553455352783,-0.47697100043296814,0.05823178216814995,0.2767704129219055,0.15379659831523895,0.4510239064693451,0.5101021528244019,-0.09876488894224167,0.12881320714950562,0.1564929336309433,0.10783111304044724,0.12101712822914124,233.0235543868145
1971,-0.6230169534683228,-0.585879921913147,-0.745105504989624,-0.6337847113609314,-0.41853252053260803,0.3554253578186035,0.6492772102355957,0.3398860991001129,0.25938743352890015,0.22551332414150238,-0.6253721714019775,-0.8356165289878845,-1.0711421966552734,-1.3209948539733887,-1.5113050937652588,-0.30555757880210876,-0.5590612292289734,-0.7734647393226624,-0.727154552936554,-0.4565467834472656,256.5742472788292
1972,-0.17650847136974335,-0.702124297618866,-0.5606445074081421,0.06834527850151062,0.08243746310472488,0.7187716960906982,0.14600099623203278,0.06431323289871216,-0.07188877463340759,-0.13277865946292877,0.7282606959342957,0.4165087342262268,0.08473769575357437,-0.2118980586528778,-0.7051721215248108,-0.2435455471277237,-0.23255787789821625,-0.4012492895126343,-0.08802913874387741,-0.3967148959636688,140.27082758504187
1973,0.1657414585351944,0.4871692657470703,0.2906445860862732,0.4794189929962158,0.3289664089679718,0.6286966800689697,0.32268187403678894,-0.030632833018898964,0.17807626724243164,-0.036998968571424484,-0.6221821904182434,-0.23645636439323425,0.5409855842590332,1.422647476196289,1.9912759065628052,-0.21875298023223877,0.16601987183094025,0.15042126178741455,0.3670320212841034,0.13012059032917023,186.7531998040419
1974,-0.3238478899002075,-0.40894365310668945,-0.4809560179710388,-0.40613478422164917,-0.5743458867073059,-0.3154837489128113,-0.2500452697277069,-0.06775674968957901,0.11050251871347427,0.09935268014669418,-0.9487361907958984,-1.01597261428833,-1.1638438701629639,-1.4204405546188354,-1.8826673030853271,-0.42731496691703796,-0.6284303665161133,-0.8295614719390869,-0.8781740069389343,-0.7472045421600342,160.27193125700353
1975,0.16396810114383698,-0.07681051641702652,-0.27753186225891113,0.0248354934155941,0.003156787483021617,0.2888774573802948,0.16524894535541534,-0.03614155203104019,-0.2841426730155945,-0.39971426129341125,-0.7979578375816345,-0.6274295449256897,-0.8209993243217468,-0.4561654329299927,-0.25521591305732727,-0.3927435576915741,-0.6016977429389954,-0.3482438325881958,-0.3421289622783661,-0.11273685097694397,204.28519784446107
1976,-0.31666556000709534,-0.24933204054832458,-0.2041538655757904,-0.25905895233154297,-0.5340649485588074,-0.01688033528625965,0.10778369009494781,0.27905601263046265,-0.06293642520904541,-0.08010348677635193,-0.4051029086112976,-0.6109578013420105,-0.5674214363098145,-1.0502952337265015,-1.816248893737793,-0.3353269398212433,-0.4508158564567566,-0.6716867089271545,-0.45790374279022217,-0.611402690410614,193.74627933036393
1977,0.25458481907844543,0.04711379483342171,-0.3995417356491089,-0.40925106406211853,-0.1631380170583725,-0.26891857385635376,-0.10342917591333389,-0.38646748661994934,-0.668716549873352,-0.7134401202201843,0.11065563559532166,-0.06096417456865311,0.4424842298030853,0.5840277671813965,0.9572539329528809,-0.07589791715145111,-0.11188169568777084,-0.3066365122795105,-0.3175067603588104,-0.2527494430541992,207.22560518951062
1978,0.1028018593788147,-0.24045053124427795,-0.2038646936416626,-0.02592344395816326,0.021341072395443916,-0.86175137758255,-0.9097462296485901,-0.4653736650943756,-0.32706418633461,-0.26301854848861694,-0.41780513525009155,-0.39274004101753235,0.05598985031247139,0.4554198980331421,0.7964977622032166,-0.3447553515434265,0.05922221019864082,0.0927695706486702,0.32099649310112,0.3828665614128113,233.71945334452022
1979,-0.2627542018890381,-0.028056345880031586,0.1738392561674118,0.505494236946106,0.21081481873989105,-0.8396958112716675,-0.3735223412513733,0.139211505651474,0.5109218955039978,-0.06933437287807465,0.0719597190618515,0.32227879762649536,0.2285880744457245,-0.016007451340556145,0.04244963079690933,-0.16992998123168945,0.013944798149168491,0.2596663534641266,0.28987136483192444,0.096370168030262,149.92411692165618
1980,-0.1559552103281021,-0.1658312827348709,-0.12467218190431595,-0.1776169240474701,-0.025890059769153595,-0.4635302722454071,-0.4141419231891632,-0.1860523223876953,-0.06809475272893906,0.21581725776195526,0.38890761137008667,0.235269233584404,0.26361167430877686,0.4151906371116638,0.7081812620162964,0.09094782173633575,-0.19392184913158417,-0.06617363542318344,-0.2698172330856323,-0.07668005675077438,237.738350911374
1981,-0.14028017222881317,0.1886032074689865,-0.17980238795280457,-0.3122605085372925,-0.7191777229309082,-0.5322936773300171,-0.7394283413887024,-0.4472056031227112,-0.5593331456184387,-0.23740389943122864,-0.27051663398742676,-0.2323315441608429,-0.39858049154281616,-0.4464617669582367,-0.19659525156021118,-0.2245377004146576,-0.35852453112602234,0.20749123394489288,-0.23558348417282104,-0.1485261768102646,182.78543153010605
1982,-0.0533754788339138,-0.5724992156028748,-0.04259617254137993,-0.3488755226135254,-0.5313684344291687,0.19513572752475739,0.015706857666373253,-0.09094399958848953,-0.16651207208633423,-0.009325248189270496,0.7485983967781067,0.4995511472225189,0.35992950201034546,0.023885145783424377,0.28785064816474915,-0.18068499863147736,-0.21277324855327606,-0.3297417461872101,-0.28796902298927307,-0.13427068293094635,150.506743097827
1983,0.278556227684021,0.41956448554992676,0.10912931710481644,0.2950647175312042,0.3369092643260956,-0.4028027355670929,-0.5710897445678711,-0.7117449641227722,-0.1944645345211029,0.02863979898393154,1.1967027187347412,1.2342443466186523,1.5966713428497314,2.1074695587158203,2.4877893924713135,0.41914990544319153,0.8066049218177795,0.8450072407722473,0.6808802485466003,0.3415590524673462,172.10767558801504
1984,-0.44875121116638184,-0.7789557576179504,-0.9123589396476746,-0.6737906336784363,-0.7193386554718018,-0.8729157447814941,-1.0018656253814697,-0.8476209044456482,-0.784798264503479,-0.8654620051383972,-0.4493604600429535,-0.39997783303260803,-0.2976623773574829,-0.01666438952088356,-0.5226072669029236,-0.3317371606826782,-0.34608596563339233,-0.21605221927165985,-0.46645814180374146,-0.21494907140731812,208.23519474742244
1985,-0.1469782590866089,-0.25725057721138,-0.030212169513106346,-0.3282979726791382,-0.5033189058303833,-0.22924281656742096,-0.19949570298194885,-0.41362059116363525,-0.7685586810112,-0.8870121836662292,-0.7452959418296814,-0.8979181051254272,-0.575721800327301,-0.5548475384712219,-1.0140410661697388,-0.3812677562236786,-0.047203145921230316,-0.19469933211803436,-0.2590640187263489,-0.11059925705194473,189.00569292016962
1986,-0.19141927361488342,-0.5520709156990051,-0.7684783935546875,-0.6885015368461609,-0.4392286241054535,-0.6510668992996216,-0.96702641248703,-0.7895200848579407,-0.6017539501190186,-0.4233052432537079,-0.25066667795181274,-0.06206905096769333,-0.20296736061573029,-0.5319246053695679,-0.5193331241607666,-0.2464899867773056,-0.40153244137763977,-0.7802985310554504,-0.24816899001598358,-0.4660716950893402,193.99974097494777
1987,0.0972503200173378,0.09248373657464981,-0.09323243051767349,-0.17536775767803192,0.00933146383613348,-0.1358930617570877,-0.9032795429229736,-0.8203785419464111,-0.9321247339248657,-1.0760908126831055,0.8941159844398499,0.8384586572647095,1.182059407234192,1.2873588800430298,1.258900761604309,0.4064817428588867,0.48139116168022156,0.4013229310512543,0.14245828986167908,0.06814440339803696,150.82972481403692
1988,0.06945488601922989,0.1351679563522339,0.7315853834152222,0.7950453162193298,0.8982201814651489,-0.2574100196361542,-0.18852797150611877,-0.2939486801624298,-0.18044345080852509,-0.10521294921636581,-0.9851621389389038,-0.18583276867866516,0.29258736968040466,0.4292636811733246,1.0287020206451416,0.2915721833705902,0.22093214094638824,0.3804858326911926,0.539740264415741,0.22809235751628876,158.32949112839196
1989,0.08139018714427948,0.14571048319339752,-0.2133122831583023,0.05564721301198006,0.05694025382399559,-0.30489087104797363,0.327883243560791,0.2456786334514618,0.042669374495744705,0.20951224863529205,-0.6087302565574646,-0.819977343082428,-1.0150392055511475,-1.3209919929504395,-1.8374634981155396,-0.08432962000370026,-0.22730539739131927,-0.13299308717250824,-0.3788755238056183,0.019309870898723602,198.57707403048613
1990,-0.289858341217041,-0.26577693223953247,0.15932030975818634,0.14187441766262054,-0.4447137117385864,0.17032761871814728,-0.08366238325834274,0.6103451251983643,0.44267433881759644,0.18799874186515808,0.33788543939590454,0.3266538977622986,0.23257163166999817,0.35721445083618164,0.13018791377544403,0.37349367141723633,0.23430906236171722,0.14363372325897217,0.4675188362598419,-0.051395099610090256,210.90628360990826
1991,-0.28245511651039124,0.40920811891555786,0.14012816548347473,-0.02832564152777195,-0.024643393233418465,0.6002836227416992,0.7812061905860901,0.35855215787887573,0.44919297099113464,0.7175663709640503,0.5186964273452759,0.4330574870109558,0.21939237415790558,0.4549140930175781,0.5998700261116028,-0.13307130336761475,-0.048730142414569855,0.2444201409816742,0.17227570712566376,0.2992856800556183,207.29892054124974
1992,-0.14083454012870789,0.3181248605251312,0.4664023518562317,0.10563221573829651,0.08081164956092834,-0.3449070155620575,-0.05590955913066864,0.22615239024162292,0.32366082072257996,0.1435680091381073,1.277646541595459,1.4274383783340454,1.5443356037139893,1.8967221975326538,1.9262094497680664,0.3498024046421051,0.1824585348367691,0.27104222774505615,0.22538048028945923,0.20154114067554474,150.38564325493132
1993,-0.2496362179517746,-0.5264366269111633,-0.35994940996170044,-0.20630164444446564,0.16756615042686462,-1.0847443342208862,-0.6530656814575195,-0.13717925548553467,-0.12384123355150223,-0.10110285133123398,1.0131042003631592,0.8181319832801819,0.5566427111625671,0.5379066467285156,0.2469003051519394,0.004039442632347345,0.07830718904733658,0.12551629543304443,-0.09160511940717697,-0.19118914008140564,197.65983253467277
1994,0.10070782899856567,0.03794077783823013,-0.4589621424674988,-0.1388966292142868,0.021827105432748795,-0.4671398103237152,-0.46579304337501526,-0.09798451513051987,-0.16732950508594513,-0.49620646238327026,0.5353447198867798,0.4793093502521515,0.26528358459472656,0.17799195647239685,0.19283832609653473,-0.42710140347480774,-0.3189205825328827,-0.2491406351327896,-0.048186492174863815,-0.07757921516895294,222.54988766196104
1995,-0.2575976252555847,0.007563367951661348,-0.3554762899875641,-0.18867909908294678,0.23777326941490173,-0.4295647442340851,-0.2718636691570282,-0.2260543256998062,-0.08780450373888016,0.035880666226148605,0.11903461813926697,0.5023014545440674,0.6242905259132385,0.8493198752403259,1.1098829507827759,0.015961607918143272,-0.14499332010746002,-0.28082895278930664,-0.23812472820281982,0.02087937854230404,145.4184099240381
1996,-1.0214319229125977,-0.6615549325942993,-0.2942168414592743,-0.5424081683158875,-0.3693576157093048,-1.1847385168075562,-0.804155170917511,-0.5968538522720337,-0.7718138694763184,-1.0998544692993164,-0.16017867624759674,-0.2504012882709503,-0.45095357298851013,-0.7459591031074524,-0.7674479484558105,0.11866995692253113,0.2459314912557602,0.14347270131111145,-0.04190101474523544,-0.15877550840377808,190.87995315025142
1997,0.25797247886657715,0.11329854279756546,-0.0552157424390316,-0.34786736965179443,-0.23680102825164795,-0.32769444584846497,-0.5638614892959595,-0.6552252173423767,-0.3537440001964569,-0.4339227080345154,0.8578574061393738,0.371462881565094,-0.0945257619023323,-0.26507410407066345,-0.44910281896591187,-0.11347082257270813,0.014071713201701641,-0.10983110219240189,-0.5906498432159424,-0.10553693771362305,169.0700775385863
1998,1.4441434144973755,1.1254421472549438,0.40568801760673523,0.8210405111312866,0.5519950985908508,0.2378816306591034,0.014581181108951569,-0.5780744552612305,-0.587270200252533,-0.61099773645401,0.793145477771759,0.9924103021621704,1.4795955419540405,2.1253058910369873,2.4492149353027344,0.6134186387062073,0.726007878780365,0.7759072184562683,0.7605046629905701,0.23312409222126007,183.32329142007669
1999,0.13352249562740326,0.5166904330253601,0.7056360840797424,0.4454919397830963,0.7297957539558411,0.4875512719154358,0.4163011908531189,0.3761596083641052,0.07481930404901505,-0.11959581822156906,-0.9338486194610596,-0.9140010476112366,-0.8124648332595825,-1.2234092950820923,-1.6124966144561768,-0.3236030638217926,-0.20273691415786743,-0.09557665139436722,-0.06807336211204529,-0.1233903020620346,179.1495869676613
2000,-0.2947343587875366,-0.026901260018348694,-0.12002454698085785,-0.1933961659669876,0.19158296287059784,0.05588946118950844,-0.1534762680530548,-0.3755091428756714,0.2949211895465851,0.47951382398605347,-0.6562889218330383,-0.6675657033920288,-0.8493651151657104,-1.4467984437942505,-1.6949704885482788,-0.3791871964931488,-0.3079932928085327,-0.6266486048698425,-0.4348733425140381,0.0052620843052864075,202.78190653700398
2001,0.4064250588417053,0.2813921868801117,0.3518712520599365,0.42502421140670776,0.48174968361854553,0.041028283536434174,0.10048358887434006,-0.43129074573516846,-0.3889603316783905,-0.8367047905921936,-0.13412922620773315,-0.29795587062835693,-0.34849438071250916,-0.5425007343292236,-0.6695905327796936,0.31368017196655273,0.04637480527162552,-0.1687612682580948,-0.30331340432167053,-0.21681536734104156,233.38650479477897
2002,0.3456011712551117,0.18714678287506104,0.11981472373008728,-0.0803985744714737,-0.33893316984176636,0.541032075881958,0.48702272772789,0.29250794649124146,0.4375852048397064,-0.21848490834236145,0.4990428686141968,0.20750932395458221,0.13110727071762085,0.03991822898387909,-0.09593173861503601,0.344807505607605,0.3697763681411743,0.3799898326396942,0.03610141947865486,0.3056942820549011,190.17484191025343
2003,0.31494155526161194,-0.09359853714704514,-0.2981750965118408,-0.21052178740501404,-0.3245963752269745,-0.15081053972244263,-0.20564287900924683,-0.5268904566764832,-0.34987691044807434,-0.5216693878173828,-0.4250856339931488,0.03913181275129318,0.48151126503944397,0.7142850160598755,0.6522890329360962,0.08486441522836685,0.29124775528907776,0.09840420633554459,0.35871315002441406,0.5499023795127869,195.57312671392935
2004,0.5492017865180969,0.12134584039449692,0.0711669996380806,-0.21210290491580963,-0.04790085554122925,0.1422525942325592,0.025676634162664413,-0.2887948453426361,-0.23619826138019562,0.17141258716583252,0.23290421068668365,0.23904089629650116,0.2312823385000229,0.305076539516449,0.3187967836856842,-0.027286946773529053,0.18611577153205872,-0.03870083764195442,0.29188257455825806,0.34922707080841064,179.6239519339599
2005,0.21101564168930054,-0.10464458912611008,-0.07267671078443527,0.3330560624599457,0.2044667750597,-0.4595101773738861,-0.2859644293785095,-0.32339879870414734,-0.23764516413211823,-0.27430808544158936,0.4782409071922302,0.42747604846954346,0.5523226857185364,0.42272692918777466,0.6964164972305298,0.13498836755752563,0.05161363631486893,0.6207164525985718,0.6792181730270386,0.31149595975875854,162.1295913598252
2006,0.2145378142595291,-0.17783816158771515,-0.06699132174253464,-0.16464798152446747,-0.3594363033771515,-0.3080107867717743,-0.38548150658607483,0.032989751547575,-0.7632222175598145,-0.6440591216087341,0.08026496320962906,-0.1548784226179123,-0.6086422801017761,-0.614287257194519,-0.8786861300468445,0.18930311501026154,-0.05368523672223091,0.09931641817092896,0.37922343611717224,-0.09649068117141724,148.38114973337315
2007,-0.24119782447814941,-0.1857951134443283,0.25985458493232727,0.5858302712440491,0.5228070020675659,-0.46019497513771057,-0.5430516600608826,-0.23303042352199554,-0.0930398479104042,-0.14882543683052063,-0.30704236030578613,-0.15643151104450226,-0.07864411920309067,0.1862608790397644,0.7288616299629211,0.013761996291577816,0.07909348607063293,0.013883792795240879,0.33158430457115173,0.15642285346984863,209.35197562912117
2008,-0.2230919450521469,0.031408313661813736,-0.17691101133823395,0.14133358001708984,0.40966281294822693,0.28822585940361023,0.5054051876068115,-0.12623152136802673,-0.2853949964046478,0.18808415532112122,-0.6841896176338196,-0.8370973467826843,-1.1157842874526978,-1.6154800653457642,-1.6569768190383911,-0.4957612156867981,-0.3337126672267914,-0.5855496525764465,-0.3028472661972046,0.11256445944309235,227.03201211786765
2009,-0.5941343307495117,-0.044097479432821274,0.31561264395713806,0.1608581244945526,-0.04821060597896576,0.34651193022727966,0.35942840576171875,0.3913455307483673,0.3881430923938751,0.38368546962738037,0.21091534197330475,-0.20342709124088287,-0.6094902157783508,-0.7470831871032715,-0.8703600764274597,0.18065743148326874,-0.031510163098573685,-0.13832436501979828,-0.1735311597585678,-0.05232129991054535,102.2080646886913
2010,-0.27157947421073914,-0.1930122673511505,0.33528995513916016,0.284010112285614,-0.1734527051448822,-0.19216647744178772,0.28738218545913696,0.5458133816719055,0.1482522189617157,0.26524826884269714,-0.0661117359995842,0.5280713438987732,0.9786437153816223,1.2880350351333618,1.5239121913909912,0.4441394805908203,0.27788233757019043,0.34649285674095154,0.47863832116127014,0.14845001697540283,171.65688190146912
2011,-0.8473914265632629,-1.3460499048233032,-0.9490247964859009,-0.4648551046848297,-0.4605681002140045,0.03886266052722931,0.1945992410182953,0.43140527606010437,0.5441597700119019,0.8482330441474915,-0.37345534563064575,-0.6184580326080322,-0.8355494737625122,-1.0676237344741821,-1.5278748273849487,-0.12210571765899658,-0.33301547169685364,-0.38579460978507996,-0.34704145789146423,-0.45159295201301575,205.83189274110447
2012,-0.17546142637729645,-0.32587042450904846,0.1513771414756775,0.061220597475767136,0.03654409199953079,0.756541907787323,0.06602657586336136,0.264352411031723,-0.128731831908226,0.34062668681144714,-0.18337176740169525,-0.36880752444267273,-0.5417047142982483,-0.646171510219574,-0.8659992218017578,0.5423104763031006,0.2171040177345276,-0.5024353265762329,-0.06947178393602371,-0.025612398982048035,142.98176125773554
2013,-0.06605933606624603,-0.06572205573320389,0.18163803219795227,-0.09265436232089996,-0.37694746255874634,-0.3064768314361572,-0.24299468100070953,-0.06379693746566772,-0.37019994854927063,-0.07961682230234146,-0.26746058464050293,-0.12266005575656891,-0.185094952583313,-0.4882379174232483,-0.5243938565254211,0.13147370517253876,0.17364756762981415,0.27657565474510193,0.20060738921165466,0.11029884964227676,251.15033025694157
2014,-0.3914395570755005,-0.4231443405151367,-0.40853893756866455,-0.23476147651672363,-0.349870502948761,-0.6708663702011108,-0.38945603370666504,-0.007569014560431242,0.21515141427516937,-0.05486258864402771,0.4339185953140259,0.1978977471590042,-0.22397397458553314,-0.60930335521698,-0.5158849358558655,0.2041395753622055,0.13888658583164215,0.26548367738723755,0.08161778002977371,0.16672705113887787,115.89178383796295
2015,0.4467606842517853,0.10348903387784958,-0.14355970919132233,-0.7198212146759033,-0.5338289141654968,0.382222056388855,0.293352335691452,0.16494321823120117,-0.2287575602531433,-0.40645310282707214,1.040252447128296,0.8124609589576721,0.534500002861023,0.44497814774513245,0.4982810616493225,0.2440146505832672,0.20151792466640472,0.2776032090187073,0.14109258353710175,0.06811806559562683,208.78144479669348
2016,0.6837267875671387,0.33132216334342957,0.14979413151741028,0.44383034110069275,0.7610985040664673,-0.4992629587650299,-0.5410507917404175,-0.2366727888584137,0.02912301756441593,0.0008003405528143048,0.43010321259498596,1.0162910223007202,1.670883297920227,2.254464626312256,2.545069932937622,0.8591028451919556,0.9706580638885498,0.942801833152771,0.8471707105636597,0.9448550939559937,169.0202387082115
2017,0.38899701833724976,-0.012622247450053692,-0.041923921555280685,0.3709641098976135,0.7719977498054504,-0.4190138280391693,-0.55531245470047,-0.4527483284473419,-0.33039912581443787,-0.31761685013771057,0.463556706905365,0.3069503605365753,0.07487349212169647,-0.08621224761009216,-0.4537487328052521,-0.21389944851398468,-0.27374544739723206,-0.2555620074272156,-0.17599520087242126,-0.17057301104068756,187.84010703949522
2018,0.72698575258255,0.2130947709083557,0.16425524652004242,-0.12900410592556,0.17815345525741577,1.1555925607681274,0.6082905530929565,0.661098301410675,0.5433228611946106,0.22088664770126343,-0.08887336403131485,-0.40492382645606995,-0.7576243281364441,-0.7839771509170532,-1.0061334371566772,-0.12079969048500061,-0.09406071156263351,-0.15321530401706696,-0.27769935131073,-0.2980748414993286,175.05700716783923
2019,0.34493687748908997,0.5953406095504761,0.852833092212677,0.8089489340782166,0.6464672684669495,-0.13900084793567657,-0.033642400056123734,0.41443800926208496,0.28872156143188477,0.21570560336112976,0.663779079914093,0.7239083051681519,0.8490477800369263,0.7140209078788757,0.6224072575569153,-0.0036531484220176935,0.2618107795715332,0.18413662910461426,0.2935478985309601,0.17138966917991638,124.31607673719253
2020,0.26639243960380554,0.19109168648719788,0.5946636199951172,0.5415503978729248,0.728636622428894,0.7730934619903564,0.6113559603691101,0.658505380153656,0.6742233633995056,0.8698016405105591,-0.17399951815605164,0.4548746943473816,0.510901927947998,0.3570866286754608,0.5664363503456116,0.237540140748024,0.5576372742652893,0.5316611528396606,0.549800455570221,0.4920797646045685,191.10527900828387
2021,0.46553564071655273,0.10422191023826599,0.6182076334953308,0.46201127767562866,0.35346612334251404,0.5675796270370483,0.9301581978797913,0.8748956918716431,0.3927517533302307,0.34505942463874817,-0.3711838722229004,-0.6365149617195129,-0.777052640914917,-1.0237412452697754,-1.0450257062911987,0.0808425173163414,-0.27740731835365295,-0.15809732675552368,-0.25556737184524536,-0.39814531803131104,201.32043170441764
2022,0.32909417152404785,0.43064528703689575,0.20460979640483856,-0.07502707839012146,0.026221008971333504,0.5447604060173035,0.6015847325325012,0.005378346890211105,0.321590781211853,0.7579055428504944,-1.0331451892852783,-1.0408132076263428,-0.9599153995513916,-0.9200498461723328,-1.0033854246139526,0.3114519417285919,0.29439473152160645,-0.03581677004694939,0.11700158566236496,0.3559453785419464,178.52996278930667
